{"cameraMode":{"drawMode":0,"name":"Shaded","section":"Shading Mode"},"sceneLighting":false,"audioPlay":false,"sceneViewState":{"showFog":true,"showMaterialUpdate":false,"showSkybox":true,"showFlares":true,"showImageEffects":true,"showParticleSystems":true},"in2DMode":false,"pivot":{"x":-16.475711822509767,"y":-7.393869400024414,"z":-283.99261474609377},"rotation":{"x":-0.134892076253891,"y":0.8373139500617981,"z":-0.238785982131958,"w":-0.472982794046402},"size":165.81463623046876,"orthographic":false}