{"cameraMode":{"drawMode":0,"name":"Shaded","section":"Shading Mode"},"sceneLighting":false,"audioPlay":false,"sceneViewState":{"showFog":true,"showMaterialUpdate":false,"showSkybox":true,"showFlares":true,"showImageEffects":true,"showParticleSystems":true},"in2DMode":false,"pivot":{"x":41.41991424560547,"y":2.179006814956665,"z":-217.07554626464845},"rotation":{"x":-0.14125050604343415,"y":0.5300201177597046,"z":-0.09005987644195557,"w":-0.8312921524047852},"size":13.271571159362793,"orthographic":false}