{"cameraMode":{"drawMode":0,"name":"Shaded","section":"Shading Mode"},"sceneLighting":false,"audioPlay":false,"sceneViewState":{"showFog":true,"showMaterialUpdate":false,"showSkybox":true,"showFlares":true,"showImageEffects":true,"showParticleSystems":true},"in2DMode":false,"pivot":{"x":38.32828903198242,"y":1.8178480863571168,"z":-214.0098876953125},"rotation":{"x":-0.0877794548869133,"y":-0.7742369771003723,"z":0.1101415827870369,"w":-0.617048442363739},"size":5.4736223220825199,"orthographic":false}