{"cameraMode":{"drawMode":0,"name":"Shaded","section":"Shading Mode"},"sceneLighting":false,"audioPlay":false,"sceneViewState":{"showFog":true,"showMaterialUpdate":false,"showSkybox":true,"showFlares":true,"showImageEffects":true,"showParticleSystems":true},"in2DMode":false,"pivot":{"x":15.880889892578125,"y":26.438247680664064,"z":-219.58502197265626},"rotation":{"x":-0.21211457252502442,"y":0.7213469743728638,"z":-0.2509593665599823,"w":-0.6096773147583008},"size":87.19451141357422,"orthographic":false}