{"cameraMode":{"drawMode":0,"name":"Shaded","section":"Shading Mode"},"sceneLighting":false,"audioPlay":false,"sceneViewState":{"showFog":true,"showMaterialUpdate":false,"showSkybox":false,"showFlares":true,"showImageEffects":true,"showParticleSystems":true},"in2DMode":false,"pivot":{"x":1.3619564771652222,"y":0.8586456179618836,"z":-0.1243753433227539},"rotation":{"x":0.1573621779680252,"y":0.6426463723182678,"z":-0.13718287646770478,"w":0.7371765971183777},"size":5.9250569343566898,"orthographic":false}