{"cameraMode":{"drawMode":0,"name":"Shaded","section":"Shading Mode"},"sceneLighting":false,"audioPlay":false,"sceneViewState":{"showFog":true,"showMaterialUpdate":false,"showSkybox":true,"showFlares":true,"showImageEffects":true,"showParticleSystems":true},"in2DMode":false,"pivot":{"x":-275.404296875,"y":125.5225601196289,"z":-87.2356185913086},"rotation":{"x":0.3113616108894348,"y":-0.6801401376724243,"z":0.3997025191783905,"w":0.5298151969909668},"size":100.57734680175781,"orthographic":false}