{"cameraMode":{"drawMode":0,"name":"Shaded","section":"Shading Mode"},"sceneLighting":false,"audioPlay":false,"sceneViewState":{"showFog":true,"showMaterialUpdate":false,"showSkybox":false,"showFlares":true,"showImageEffects":true,"showParticleSystems":true},"in2DMode":false,"pivot":{"x":0.08566345274448395,"y":0.5496615171432495,"z":0.03567258268594742},"rotation":{"x":-0.08608140796422959,"y":0.8649043440818787,"z":-0.15900419652462007,"w":-0.46823951601982119},"size":1.9421160221099854,"orthographic":false}