{"cameraMode":{"drawMode":0,"name":"Shaded","section":"Shading Mode"},"sceneLighting":true,"audioPlay":false,"sceneViewState":{"showFog":true,"showMaterialUpdate":false,"showSkybox":true,"showFlares":true,"showImageEffects":true,"showParticleSystems":true},"in2DMode":false,"pivot":{"x":144.40122985839845,"y":3.557548999786377,"z":27.4726505279541},"rotation":{"x":0.20735396444797517,"y":0.22653697431087495,"z":-0.04942524805665016,"w":0.9503907561302185},"size":14.896703720092774,"orthographic":false}