{"cameraMode":{"drawMode":0,"name":"Shaded","section":"Shading Mode"},"sceneLighting":true,"audioPlay":false,"sceneViewState":{"showFog":true,"showMaterialUpdate":false,"showSkybox":true,"showFlares":true,"showImageEffects":true,"showParticleSystems":true},"in2DMode":false,"pivot":{"x":1.294465184211731,"y":4.831484317779541,"z":-11.140563011169434},"rotation":{"x":0.33979177474975588,"y":-0.24960757791996003,"z":0.09404189139604569,"w":0.9018834829330444},"size":97.06131744384766,"orthographic":false}