{"cameraMode":{"drawMode":0,"name":"Shaded","section":"Shading Mode"},"sceneLighting":true,"audioPlay":false,"sceneViewState":{"showFog":true,"showMaterialUpdate":false,"showSkybox":true,"showFlares":true,"showImageEffects":true,"showParticleSystems":true},"in2DMode":false,"pivot":{"x":28.48606300354004,"y":50.697845458984378,"z":210.6881103515625},"rotation":{"x":0.01230618916451931,"y":-0.9691362977027893,"z":0.24120362102985383,"w":0.049440037459135059},"size":306.0279541015625,"orthographic":false}