{"cameraMode":{"drawMode":0,"name":"Shaded","section":"Shading Mode"},"sceneLighting":false,"audioPlay":false,"sceneViewState":{"showFog":true,"showMaterialUpdate":false,"showSkybox":true,"showFlares":true,"showImageEffects":true,"showParticleSystems":true},"in2DMode":false,"pivot":{"x":1.5072362422943116,"y":1.1877511739730836,"z":0.34965085983276369},"rotation":{"x":-0.06368960440158844,"y":-0.8453195095062256,"z":0.10348308831453324,"w":-0.5202592611312866},"size":4.0641326904296879,"orthographic":false}