{"cameraMode":{"drawMode":0,"name":"Shaded","section":"Shading Mode"},"sceneLighting":false,"audioPlay":false,"sceneViewState":{"showFog":true,"showMaterialUpdate":false,"showSkybox":true,"showFlares":true,"showImageEffects":true,"showParticleSystems":true},"in2DMode":false,"pivot":{"x":27.203956604003908,"y":193.28878784179688,"z":0.0},"rotation":{"x":0.32644224166870119,"y":-0.10099446028470993,"z":0.035103555768728259,"w":0.939150333404541},"size":787.2108764648438,"orthographic":false}